-- Sample data primarily generated by JetBrains AI Assistant, with a few manual tweaks

-- Insert sample data into `users`
INSERT INTO users (id, cognito_id, email, recipient, created_at)
VALUES (1, '550e8400-e29b-41d4-a716-446655440000', 'recipient1@example.com', TRUE, '2023-10-01 10:20:30.123'),
       (2, '550e8400-e29b-41d4-a716-446655440001', 'recipient2@example.com', TRUE, '2023-10-05 11:25:40.456'),
       (3, '550e8400-e29b-41d4-a716-446655440002', 'donor1@example.com', FALSE, '2023-10-10 12:30:50.789'),
       (4, '550e8400-e29b-41d4-a716-446655440003', 'donor2@example.com', FALSE, '2023-10-15 13:35:00.321'),
       (5, '550e8400-e29b-41d4-a716-446655440004', 'recipient3@example.com', TRUE, '2023-10-20 14:25:30.123'),
       (6, '550e8400-e29b-41d4-a716-446655440005', 'recipient4@example.com', TRUE, '2023-10-25 09:15:30.123');

-- Insert sample data into `recipients`
INSERT INTO recipients (id, first_name, last_name, street_address1, street_address2, city, state, zip_code,
                        last_about_me, last_reason_for_help, form_questions, image_url, identity_last_verified,
                        income_last_verified, nickname, tags_last_generated_at, last_donation_timestamp, created_at)
VALUES (1, 'John', 'Doe', '123 Elm St', '', 'Springfield', 'IL', '62701', 'About John', 'Reason 1',
        '[{"question": "question1", "answer": "Answer1"}]', 'http://example.com/image1.jpg', '2023-10-01 11:15:00.123',
        '2023-10-02 12:45:30.456'
           , 'Johnny', '2023-10-05 09:10:10.789', '2023-10-23 18:10:50.987', '2023-10-01 10:20:30.123'),
       (2, 'Jane', 'Smith', '456 Oak St', '', 'Madison', 'WI', '53703', 'About Jane', 'Reason 2',
        '[{"question":"Tell us about yourself.","answer":"1"},{"question":"What is the biggest reason that you feel like you need help?","answer":"2"},{"question":"What is the most difficult thing you face day to day?","answer":"3"},{"question":"What has been the hardest thing for you financially this year?","answer":"Job loss"},{"question":"Are you currently looking for work?","answer":"Yes, part-time"},{"question":"What barriers are preventing you from working or earning more income?","answer":"Transportation, Disability"},{"question":"What is your biggest challenge related to housing?","answer":"Unsafe conditions"},{"question":"Are you at risk of losing housing in the next 3 months?","answer":"Yes"},{"question":"Do you have a support system of friends, family, or community?","answer":"No"},{"question":"What kind of support do you wish you had more of?","answer":"Financial, Legal"},{"question":"Do you have regular access to mental health support or counseling?","answer":"Yes"},{"question":"What has been the most emotionally difficult part of your current situation?","answer":"12"}]',
        'http://example.com/image2.jpg', '2023-10-02 14:10:00.789',
        '2023-10-03 15:20:40.321', 'Janie', '2023-10-10 11:05:20.123', '2023-10-22 17:05:40.654',
        '2023-10-05 11:25:40.456'),
       (5, 'Sarah', 'Johnson', '789 Pine St', 'Apt 3B', 'Columbus', 'OH', '43215', 'About Sarah', 'Reason 3',
        '[{"question":"Tell us about yourself.","answer":"test"},{"question":"What has been the most emotionally difficult part of your current situation?","answer":"test"}]',
        'http://example.com/image3.jpg', '2023-10-20 15:30:00.123',
        '2023-10-20 16:45:30.456', 'Sare', '2023-10-21 09:10:10.789', NULL, '2023-10-20 14:25:30.123'),
       (6, 'Michael', 'Thompson', '321 Maple Ave', NULL, 'Denver', 'CO', '80202', 'About Michael', 'Seeking assistance',
        '[{"question":"What was your biggest challenge in the past 6 months?","answer":"Getting laid off"}]',
        'http://example.com/image4.jpg', NULL, NULL, 'Mike', '2023-10-25 09:30:10.789', NULL,
        '2023-10-25 09:15:30.123');


-- Insert sample data into `donors`
INSERT INTO donors (id, nickname, created_at)
VALUES (3, 'KindDonor1', '2023-10-10 12:30:50.789'),
       (4, 'HelpfulDonor2', '2023-10-15 13:35:00.321');

-- Insert sample data into `donor_sessions`
INSERT INTO donor_sessions (id, donor_id, created_at)
VALUES (1, 3, '2023-10-20 14:40:10.654'),
       (2, 4, '2023-10-25 15:45:20.987');

-- Insert sample data into `donations`
INSERT INTO donations (id, donor_id, recipient_id, amount, created_at)
VALUES (1, 3, 1, 50, '2023-10-21 16:00:30.321'),
       (2, 3, 2, 75, '2023-10-22 17:05:40.654'),
       (3, 4, 1, 100, '2023-10-23 18:10:50.987');

-- Insert sample data into `tags`
INSERT INTO tags (tag_name, category, created_at)
VALUES ('food', 'necessities', '2023-10-05 09:20:30.123'),
       ('clothing', 'necessities', '2023-10-10 10:25:40.456'),
       ('education', 'self-improvement', '2023-10-15 11:30:50.789'),
       ('health', 'necessities', '2023-10-05 09:25:30.123'),
       ('housing', 'necessities', '2023-10-06 10:15:30.456'),
       ('transportation', 'support', '2023-10-10 12:45:40.789'),
       ('utilities', 'necessities', '2023-10-15 13:50:50.987'),
       ('childcare', 'family', '2023-10-17 14:00:30.321'),
       ('mental-health', 'well-being', '2023-10-18 15:10:40.654'),
       ('job-training', 'education', '2023-10-19 16:20:50.987'),
       ('legal-aid', 'support', '2023-10-20 17:30:50.321'),
       ('food-banks', 'necessities', '2023-10-21 18:40:00.654'),
       ('financial-planning', 'self-improvement', '2023-10-22 19:50:10.987');

-- Insert sample data into `messages`
INSERT INTO messages (donation_id, message, donor_read, created_at)
VALUES (1, 'Hope this helps!', TRUE, '2023-10-22 19:15:30.123'),
       (2, 'Take care!', FALSE, '2023-10-23 20:20:40.456'),
       (3, 'Wishing the best!', TRUE, '2023-10-24 21:25:50.789');

-- Insert sample data into `donor_prompts`
INSERT INTO donor_prompts (donor_session_id, prompt, created_at)
VALUES (1, 'Select reasons to donate', '2023-10-20 14:50:10.654'),
       (2, 'Choose areas to support', '2023-10-25 15:55:20.987');

-- Insert sample data into `recipient_tags`
INSERT INTO recipient_tags (tag_name, recipient_id, weight, selected, added_at)
VALUES
    -- tags linked to recipient 1
    ('childcare', 1, 0.7, TRUE, '2023-10-17 11:10:30.123'),
    ('clothing', 1, 0.5, TRUE, '2023-10-02 11:35:40.456'),
    ('food', 1, 0.75, TRUE, '2023-10-01 10:30:30.123'),
    ('housing', 1, 0.9, TRUE, '2023-10-10 11:50:20.789'),
    ('health', 1, 0.8, TRUE, '2023-10-05 09:30:30.123'),
    ('mental-health', 1, 0.8, TRUE, '2023-10-18 12:15:40.654'),
    ('transportation', 1, 0.4, FALSE, '2023-10-15 12:00:50.321'),
    ('utilities', 1, 0.6, TRUE, '2023-10-18 10:25:10.123'),

    -- tags linked to recipient 2
    ('education', 2, 0.9, FALSE, '2023-10-03 12:40:50.789'),
    ('health', 2, 0.7, FALSE, '2023-10-06 10:20:30.456'),
    ('housing', 2, 0.62, TRUE, '2023-10-10 14:45:30.987'),
    ('job-training', 2, 0.8, TRUE, '2023-10-19 13:20:50.987'),
    ('legal-aid', 2, 0.6, TRUE, '2023-10-20 14:25:50.321'),
    ('transportation', 2, 0.54, TRUE, '2023-10-18 13:15:45.654'),
    ('utilities', 2, 0.5, TRUE, '2023-10-19 11:35:20.456'),

    -- tags linked to recipient 5
    ('childcare', 5, 0.65, TRUE, '2023-10-20 15:15:30.123'),
    ('food-banks', 5, 0.85, TRUE, '2023-10-20 15:35:10.456'),
    ('health', 5, 0.75, TRUE, '2023-10-20 15:00:30.123'),
    ('housing', 5, 0.85, TRUE, '2023-10-20 15:05:40.456'),
    ('job-training', 5, 0.90, TRUE, '2023-10-20 15:25:50.789'),
    ('legal-aid', 5, 0.60, FALSE, '2023-10-20 15:30:00.123'),
    ('mental-health', 5, 0.80, TRUE, '2023-10-20 15:20:40.456'),
    ('utilities', 5, 0.70, FALSE, '2023-10-20 15:10:50.789'),

    -- tags linked to recipient 6
    ('financial-planning', 6, 0.75, TRUE, '2023-10-25 10:00:20.789'),
    ('food-banks', 6, 0.80, FALSE, '2023-10-25 10:05:30.123'),
    ('health', 6, 0.70, TRUE, '2023-10-25 09:35:30.123'),
    ('housing', 6, 0.95, TRUE, '2023-10-25 09:40:40.456'),
    ('job-training', 6, 0.90, TRUE, '2023-10-25 09:55:10.456'),
    ('transportation', 6, 0.80, TRUE, '2023-10-25 09:45:50.789'),
    ('utilities', 6, 0.85, TRUE, '2023-10-25 09:50:00.123');


-- Insert sample data into `donor_shown_tags`
INSERT INTO donor_shown_tags (tag_name, donor_session_id)
VALUES ('food', 1),
       ('clothing', 1),
       ('education', 2);

-- Insert sample data into `donor_selected_tags`
INSERT INTO donor_selected_tags (tag_name, donor_session_id)
VALUES ('food', 1),
       ('education', 2);

-- Insert sample data into `favorite_recipients`
INSERT INTO favorite_recipients (donor_id, recipient_id)
VALUES (3, 1),
       (3, 2),
       (4, 1);

-- Now that all the data is added, fix the auto increment sequence generators since we're
-- manually setting ids for some of the tables to ensure the foreign keys work

ALTER TABLE users
    ALTER COLUMN id RESTART WITH ((SELECT MAX(id) FROM users) + 1);
ALTER TABLE donor_sessions
    ALTER COLUMN id RESTART WITH ((SELECT MAX(id) FROM donor_sessions) + 1);
ALTER TABLE donations
    ALTER COLUMN id RESTART WITH ((SELECT MAX(id) FROM donations) + 1);
